iter	Logloss
0	0.6907304813
1	0.6885758021
2	0.6867334913
3	0.6848396508
4	0.6834846641
5	0.6823689226
6	0.6810349159
7	0.6803926345
8	0.6794135695
9	0.6785372573
10	0.6775816874
11	0.6771385316
12	0.6763847252
13	0.6758586311
14	0.675253034
15	0.6746934456
16	0.6741700507
17	0.6736995351
18	0.6732801812
19	0.6727368492
20	0.6724053413
21	0.6719929807
22	0.671756496
23	0.6713517422
24	0.6709668641
25	0.670553338
26	0.6703162398
27	0.670047181
